Workbook

Sheet Cover
E7: Test Cases
F10: ExBot
C14: Project Name: | E14: ExBot | I14: Reviewer:
C15: Document Code: | E15: [ExBot] EB01_User Case_Integration Test Cases_v1.0 | I15: Role:
C16: Created By: | I16: Reviewed Date:
C17: Role: | E17: QC | I17: Approver:
C18: Created Date: | I18: Role:
C19: Version | E19: 1.0 | I19: Approved Date:

Sheet Test Cases List
B1: Test Cases List
B2: Project Name | D2: ExBot
B3: Project Code | D3: ExBot
B5: No. | C5: Function Name | D5: Sheet Name | E5: Description | F5: Notes
B6: 1 | C6: GUI | D6: GUI
B7: 2 | C7: Function | D7: Function

Sheet Changed History
A1: Changed History
A2: No. | B2: Date | C2: Version | D2: Contents of update | E2: Reason | F2: Created By/Updated By | G2: Reviewer | H2: Approver
A3: 1 | B3: =Cover!E18 | C3: 1.0 | D3: Create New | E3: Create New
A4: 2

Sheet Test Report
B1: Test Report
B3: Project Name | C3: ='Test Cases List'!D2 -> ExBot | E3: Tester
B4: Project Code | C4: ='Test Cases List'!D2 -> ExBot | E4: Execute Date
B5: Document Name | C5: =Cover!E15 -> [ExBot] EB01_User Case_Integration Test Cases_v1.0 | E5: Reviewer/Approved By
B6: Re-marks
B8: Test Report
B9: No. | C9: Function Name | D9: OK | E9: NG | F9: Untested | G9: N/A | H9: Total number of test cases
B10: 1 | C10: ='Test Cases List'!C6 -> GUI | D10: =GUI!J4 -> 0 | E10: =GUI!L4 -> 0 | F10: =GUI!N4 -> 56 | G10: =GUI!P4 -> 4 | H10: =GUI!R4 -> 60
B11: 2 | C11: ='Test Cases List'!C7 -> Function | D11: =Function!J4 -> 0 | E11: =Function!L4 -> 0 | F11: =Function!N4 -> 52 | G11: =Function!P4 -> 0 | H11: =Function!R4 -> 52
C12: Total | D12: =SUM(D9:D11) -> 0 | E12: =SUM(E9:E11) -> 0 | F12: =SUM(F9:F11) -> 108 | G12: =SUM(G9:G11) -> 4 | H12: =SUM(H9:H11) -> 112
C14: Test coverage | E14: =(D12+E12)*100/(H12-G12) -> 0 | F14: %
C15: Test success coverage | E15: =D12*100/(H12-G12) -> 0 | F15: %

Sheet GUI
A1: System Name | B1: Exbot | D1: Document Name | E1: =Cover!E15 -> [ExBot] EB01_User Case_Integration Test Cases_v1.0 | G1: Browser | H1: Chrome | I1: OK | J1: =COUNTIF(J9:J30,"OK")+COUNTIF(R9:R30,"OK") -> 0 | K1: NG | L1: =COUNTIF(J9:J30,"NG")-COUNTIF(R9:R30,"OK") -> 0 | M1: Untested | N1: =COUNTIF(J9:J296,"Untested") -> 20 | O1: N/A | P1: =COUNTIF(J9:J30,"N/A") -> 0 | Q1: Number of Test cases | R1: =J1+L1+N1+P1 -> 20 | S1: Number of Bugs | T1: =COUNTA(K9:K30) -> 0
A2: Phase | B2: Integration Test | D2: Screen Name | H2: Android | J2: =COUNTIF(L9:L30,"OK")+COUNTIF(S9:S30,"OK") -> 0 | L2: =COUNTIF(L9:L30,"NG")-COUNTIF(S9:S30,"OK") -> 0 | N2: =COUNTIF(L9:L30,"Untested") -> 18 | P2: =COUNTIF(L9:L30,"N/A") -> 2 | R2: =J2+L2+N2+P2 -> 20 | T2: =COUNTA(M9:M30) -> 0
A3: Created By | B3: =Cover!E16 | D3: Created Date | E3: =Cover!E18 | H3: IOS | J3: =COUNTIF(N9:N30,"OK")+COUNTIF(T9:T30,"OK") -> 0 | L3: =COUNTIF(N9:N30,"NG")-COUNTIF(T9:T30,"OK") -> 0 | N3: =COUNTIF(N9:N30,"Untested") -> 18 | P3: =COUNTIF(N9:N30,"N/A") -> 2 | R3: =J3+L3+N3+P3 -> 20 | T3: =COUNTA(O9:O30) -> 0
A4: Updated By | D4: Updated Date | G4: Total | J4: =SUM(J1:J3) -> 0 | L4: =SUM(L1:L3) -> 0 | N4: =SUM(N1:N3) -> 56 | P4: =SUM(P1:P3) -> 4 | R4: =J4+L4+N4+P4 -> 60 | T4: =SUM(T1:T3) -> 0
A5: Test case ID | B5: Roles | C5: Test Title/Summary of test cases | D5: Test Steps | E5: Expected Results | F5: Test Priority | G5: Confirmation Data | H5: Round1 | J5: Chrome | L5: Android | N5: IOS | P5: Round2 | R5: Chrome | S5: Android | T5: IOS
A6: L1 | H6: Assignee | I6: Execution Date | J6: Test Result | K6: BugID | L6: Test Result | M6: BugID | N6: Test Result | O6: BugID | P6: Assignee | Q6: Execution Date | R6: Test Result
B7: I. User List
B8: Check all items on the screen
A9: =IF(E9<>"","GUI_"&TEXT(ROW()-8-COUNTBLANK($E$9:E9),"###"),"") -> GUI_1 | C9: Check names of all items | D9: Check names of items which displayed on screen | E9: Confirm names of items displayed on screen - Names of Items are displayed all information as described in Screen Layout - No incorrect/overlaped texts in all items in screen. (Refer sheet Screen Layout - I. User List) | F9: Medium | J9: Untested | L9: Untested | N9: Untested
A10: =IF(E10<>"","GUI_"&TEXT(ROW()-8-COUNTBLANK($E$9:E10),"###"),"") -> GUI_2 | C10: Check number of items displayed on screen | D10: Check number of items displayed on screen | E10: Confirm the number of items displayed on screen - The number of displayed items is sufficient and the same as Screen Layout (Refer sheet Screen Layout - I. User List) | F10: Medium | J10: Untested | L10: Untested | N10: Untested
A11: =IF(E11<>"","GUI_"&TEXT(ROW()-8-COUNTBLANK($E$9:E11),"###"),"") -> GUI_3 | C11: Check positions of items displayed on screen | D11: Check positions of items displayed on screen | E11: Confirm positions of items displayed on screen - Positions of items are the same as Screen Layout (Refer sheet Screen Layout - I. User List) | F11: Medium | J11: Untested | L11: Untested | N11: Untested
A12: =IF(E12<>"","GUI_"&TEXT(ROW()-8-COUNTBLANK($E$9:E12),"###"),"") -> GUI_4 | C12: Check font type, font size, font color, font style (bold …) of items | D12: Check font type, font size, font color, font style (bold …) of items in screen | E12: Confirm font type, font size, font color, font style (bold …) of items in screen - font type, font size, font color, font style are the same as Screen Layout (Refer sheet Screen Layout - I. User List) | F12: Medium | J12: Untested | L12: Untested | N12: Untested
A13: =IF(E13<>"","GUI_"&TEXT(ROW()-8-COUNTBLANK($E$9:E13),"###"),"") -> GUI_5 | C13: Check alignments of items | D13: Check alignments of items in screen | E13: Confirm alignments of items in screen - Alignments of items are the same as Screen Layout (Refer sheet Screen Layout - I. User List) | F13: Medium | J13: Untested | L13: Untested | N13: Untested
A14: =IF(E14<>"","GUI_"&TEXT(ROW()-8-COUNTBLANK($E$9:E14),"###"),"") | B14: Check type of all items
A15: =IF(E15<>"","GUI_"&TEXT(ROW()-8-COUNTBLANK($E$9:E15),"###"),"") | F15: Medium | J15: Untested | L15: Untested | N15: Untested
A16: =IF(E16<>"","GUI_"&TEXT(ROW()-8-COUNTBLANK($E$9:E16),"###"),"") | F16: Medium | J16: Untested | L16: Untested | N16: Untested
A17: =IF(E17<>"","GUI_"&TEXT(ROW()-8-COUNTBLANK($E$9:E17),"###"),"") | F17: Medium | J17: Untested | L17: Untested | N17: Untested
A18: =IF(E18<>"","GUI_"&TEXT(ROW()-8-COUNTBLANK($E$9:E18),"###"),"") | F18: Medium | J18: Untested | L18: Untested | N18: Untested
A19: =IF(E19<>"","GUI_"&TEXT(ROW()-8-COUNTBLANK($E$9:E19),"###"),"") | F19: Medium | J19: Untested | L19: Untested | N19: Untested
A20: =IF(E20<>"","GUI_"&TEXT(ROW()-8-COUNTBLANK($E$9:E20),"###"),"") | F20: Medium | J20: Untested | L20: Untested | N20: Untested
A21: =IF(E21<>"","GUI_"&TEXT(ROW()-8-COUNTBLANK($E$9:E21),"###"),"") | F21: Medium | J21: Untested | L21: Untested | N21: Untested
A22: =IF(E22<>"","GUI_"&TEXT(ROW()-8-COUNTBLANK($E$9:E22),"###"),"") | F22: Medium | J22: Untested | L22: Untested | N22: Untested
A23: =IF(E23<>"","GUI_"&TEXT(ROW()-8-COUNTBLANK($E$9:E23),"###"),"") | F23: Medium | J23: Untested | L23: Untested | N23: Untested
A24: =IF(E24<>"","GUI_"&TEXT(ROW()-8-COUNTBLANK($E$9:E24),"###"),"") | B24: Common cases
A25: =IF(E25<>"","GUI_"&TEXT(ROW()-8-COUNTBLANK($E$9:E25),"###"),"") -> GUI_6 | C25: Check zoom-in/zoom-out | D25: Execute zoom-in/zoom-out | E25: No abnormal error occurred | F25: Low | J25: Untested | L25: Untested | N25: Untested
A26: =IF(E26<>"","GUI_"&TEXT(ROW()-8-COUNTBLANK($E$9:E26),"###"),"") -> GUI_7 | C26: Check for case data maxlength | D26: Check data displayed in case of maxlenght | E26: No font error occurred | F26: Low | J26: Untested | L26: Untested | N26: Untested
A27: =IF(E27<>"","GUI_"&TEXT(ROW()-8-COUNTBLANK($E$9:E27),"###"),"") -> GUI_8 | C27: Tab and Shift + Tab are operated correctly | D27: Check operation for Tab and Shift + Tab | E27: No abnormal error occurred | F27: Low | J27: Untested | L27: N/A | N27: N/A
A28: =IF(E28<>"","GUI_"&TEXT(ROW()-8-COUNTBLANK($E$9:E28),"###"),"") -> GUI_9 | C28: Process to push backSpace key | D28: Click backspace consecutively in control which is able to input text, for checking any abnormal error. | E28: No abnormal error occurred | F28: Low | J28: Untested | L28: Untested | N28: Untested
A29: =IF(E29<>"","GUI_"&TEXT(ROW()-8-COUNTBLANK($E$9:E29),"###"),"") -> GUI_10 | C29: Process to push F5 key | D29: Push F5 key | E29: Refresh the page successfully | F29: Low | J29: Untested | L29: N/A | N29: N/A
A30: =IF(E30<>"","GUI_"&TEXT(ROW()-8-COUNTBLANK($E$9:E30),"###"),"") -> GUI_11 | C30: Process to push enter key | D30: Input invalid value and click enter to check any abnormal error. | E30: No abnormal error occurred | F30: Low | J30: Untested | L30: Untested | N30: Untested

Sheet Function
A1: System Name | B1: PartnersWeek | D1: Document Name | E1: =Cover!E15 -> [ExBot] EB01_User Case_Integration Test Cases_v1.0 | G1: Browser | H1: Chrome | I1: OK | J1: =COUNTIF(J13:J30,"OK")+COUNTIF(R13:R30,"OK") -> 0 | K1: NG | L1: =COUNTIF(J13:J30,"NG")-COUNTIF(R13:R30,"OK") -> 0 | M1: Untested | N1: =COUNTIF(J13:J329,"Untested") -> 20 | O1: N/A | P1: =COUNTIF(J13:J30,"N/A") -> 0 | Q1: Number of Test cases | R1: =J1+L1+N1+P1 -> 20 | S1: Number of Bugs | T1: =COUNTA(K13:K30) -> 0
A2: Phase | B2: Integration Test | D2: Screen Name | E2: User Management | H2: Android | J2: =COUNTIF(L13:L30,"OK")+COUNTIF(S13:S30,"OK") -> 0 | L2: =COUNTIF(L13:L30,"NG")-COUNTIF(S13:S30,"OK") -> 0 | N2: =COUNTIF(L13:L30,"Untested") -> 16 | P2: =COUNTIF(L13:L30,"N/A") -> 0 | R2: =J2+L2+N2+P2 -> 16 | T2: =COUNTA(M13:M30) -> 0
A3: Created By | B3: =Cover!E16 | D3: Created Date | E3: =Cover!E18 | H3: IOS | J3: =COUNTIF(N13:N30,"OK")+COUNTIF(T13:T30,"OK") -> 0 | L3: =COUNTIF(N13:N30,"NG")-COUNTIF(T13:T30,"OK") -> 0 | N3: =COUNTIF(N13:N30,"Untested") -> 16 | P3: =COUNTIF(N13:N30,"N/A") -> 0 | R3: =J3+L3+N3+P3 -> 16 | T3: =COUNTA(O13:O30) -> 0
A4: Updated By | D4: Updated Date | G4: Total | J4: =SUM(J1:J3) -> 0 | L4: =SUM(L1:L3) -> 0 | N4: =SUM(N1:N3) -> 52 | P4: =SUM(P1:P3) -> 0 | R4: =J4+L4+N4+P4 -> 52 | T4: =SUM(T1:T3) -> 0
A5: Test case ID | B5: Roles | C5: Test Title/Summary of test cases | D5: Test Steps | E5: Expected Results | F5: Test Priority | G5: Confirmation Data | H5: Round1 | J5: Chrome | L5: Android | N5: IOS | P5: Round2 | R5: Chrome | S5: Android | T5: IOS
A6: L1 | H6: Assignee | I6: Execution Date | J6: Test Result | K6: BugID | L6: Test Result | M6: BugID | N6: Test Result | O6: BugID | P6: Assignee | Q6: Execution Date | R6: Test Result
B7: I. User list
B8: Pre-Conditions: - User connected the site by admin account
B9: Confirm initializing the screen
A10: =IF(E10<>"","FUNC_"&TEXT(ROW()-8-COUNTBLANK($E$10:E10),"###"),"") | F10: High | J10: Untested | L10: Untested | N10: Untested
A11: =IF(E11<>"","FUNC_"&TEXT(ROW()-8-COUNTBLANK($E$10:E11),"###"),"") | F11: High | J11: Untested | L11: Untested | N11: Untested
A12: =IF(E12<>"","FUNC_"&TEXT(ROW()-8-COUNTBLANK($E$10:E12),"###"),"") | F12: High | J12: Untested | L12: Untested | N12: Untested
A13: =IF(E13<>"","FUNC_"&TEXT(ROW()-8-COUNTBLANK($E$10:E13),"###"),"") | B13: Check value of all items in the screen
A14: =IF(E14<>"","FUNC_"&TEXT(ROW()-8-COUNTBLANK($E$10:E14),"###"),"") | F14: Medium | J14: Untested | L14: Untested | N14: Untested
A15: =IF(E15<>"","FUNC_"&TEXT(ROW()-8-COUNTBLANK($E$10:E15),"###"),"") | F15: Medium | J15: Untested | L15: Untested | N15: Untested
A16: =IF(E16<>"","FUNC_"&TEXT(ROW()-8-COUNTBLANK($E$10:E16),"###"),"") | F16: Medium | J16: Untested | L16: Untested | N16: Untested
A17: =IF(E17<>"","FUNC_"&TEXT(ROW()-8-COUNTBLANK($E$10:E17),"###"),"") | F17: Medium | J17: Untested | L17: Untested | N17: Untested
A18: =IF(E18<>"","FUNC_"&TEXT(ROW()-8-COUNTBLANK($E$10:E18),"###"),"") | F18: Medium | J18: Untested | L18: Untested | N18: Untested
A19: =IF(E19<>"","FUNC_"&TEXT(ROW()-8-COUNTBLANK($E$10:E19),"###"),"") | F19: Medium | J19: Untested | L19: Untested | N19: Untested
A20: =IF(E20<>"","FUNC_"&TEXT(ROW()-8-COUNTBLANK($E$10:E20),"###"),"") | F20: Medium | J20: Untested | L20: Untested | N20: Untested
A21: =IF(E21<>"","FUNC_"&TEXT(ROW()-8-COUNTBLANK($E$10:E21),"###"),"") | F21: Medium | J21: Untested | L21: Untested | N21: Untested
A22: =IF(E22<>"","FUNC_"&TEXT(ROW()-8-COUNTBLANK($E$10:E22),"###"),"") | F22: Medium | J22: Untested | L22: Untested | N22: Untested
A23: =IF(E23<>"","FUNC_"&TEXT(ROW()-8-COUNTBLANK($E$10:E23),"###"),"") | F23: Medium | J23: Untested | L23: Untested | N23: Untested
A24: =IF(E24<>"","FUNC_"&TEXT(ROW()-8-COUNTBLANK($E$10:E24),"###"),"") | F24: Medium | J24: Untested | L24: Untested | N24: Untested
A25: =IF(E25<>"","FUNC_"&TEXT(ROW()-8-COUNTBLANK($E$10:E25),"###"),"") | F25: Medium | J25: Untested | L25: Untested | N25: Untested
... A28: =IF(E28<>"","FUNC_"&TEXT(ROW()-8-COUNTBLANK($E$10:E28),"###"),"") | F28: Medium | J28: Untested | L28: Untested | N28: Untested
A29: =IF(E29<>"","FUNC_"&TEXT(ROW()-8-COUNTBLANK($E$10:E30),"###"),"") | B29: Check action of all items on the screen
A30: =IF(E30<>"","FUNC_"&TEXT(ROW()-6-COUNTBLANK($E$7:E30),"###"),"") | F30: Medium | J30: Untested | L30: Untested | N30: Untested
A31: =IF(E31<>"","FUNC_"&TEXT(ROW()-6-COUNTBLANK($E$7:E31),"###"),"") | F31: Medium | J31: Untested | L31: Untested | N31: Untested
A32: =IF(E32<>"","FUNC_"&TEXT(ROW()-6-COUNTBLANK($E$7:E32),"###"),"") | F32: Medium | J32: Untested | L32: Untested | N32: Untested
A33: =IF(E33<>"","FUNC_"&TEXT(ROW()-6-COUNTBLANK($E$7:E33),"###"),"") | F33: Medium | J33: Untested | L33: Untested | N33: Untested
A34: =IF(E34<>"","FUNC_"&TEXT(ROW()-6-COUNTBLANK($E$7:E34),"###"),"") | F34: Medium | J34: Untested | L34: Untested | N34: Untested

Sheet Screen Layout
B1: A. User Management
B2: 1. Indiviuals tab | J2: 2. Companies | R2: 3. Public Figures
A61: B. Forgot password
